{
    "name": "Paul's portfolio",
    "icon": "./assets/images/home/paul.png",

    "pages": [
        {
            "icon": "./assets/images/home/paul.png",
            "name": "About",
            "link": "/about",
            "content": "content/about.md"
        },
        {
            "icon": "📖",
            "name": "Blogs",
            "link": "/blogs",
            "content": "content/blogs.html"
        },
        {
            "icon": "bi bi-suitcase-lg-fill",
            "name": "Work Experience",
            "link": "/experience",
            "content": "content/experience.md"
        },
        {
            "icon": "🔥",
            "name": "Open source",
            "link": "/open-source",
            "content": "content/projects.html"
        },
        {
            "icon": "✨",
            "name": "skills",
            "link": "/skills",
            "content": "content/skills.md"
        },
        {
            "icon": "✉️",
            "name": "Contact",
            "link": "/contact",
            "content": "content/contact.md"
        }
    ]

}